{
  "entity.zombie.ambient": {
    "replace": "true",
    "sounds": [
      "mob/zombie/say1",
      "mob/zombie/say2",
      "mob/zombie/say3",
      "moreZsounds/say4",
      "moreZsounds/say5",
      "moreZsounds/say6",
      "moreZsounds/say7",
      "moreZsounds/say8",
      "moreZsounds/say9",
      "moreZsounds/say10",
      "moreZsounds/say11",
      "moreZsounds/say12",
      "moreZsounds/say13",
      "moreZsounds/say14",
      "moreZsounds/say15",
      "moreZsounds/say16",
      "moreZsounds/say17",
      "moreZsounds/say18",
      "moreZsounds/say19",
      "moreZsounds/say20",
      "moreZsounds/say21",
      "moreZsounds/say22",
      "moreZsounds/say23",
      "moreZsounds/say24",
      "moreZsounds/say25",
      "moreZsounds/say26",
      "moreZsounds/say27",
      "moreZsounds/say28",
      "moreZsounds/say29",
      "moreZsounds/say30",
      "moreZsounds/say31",
      "moreZsounds/say32",
      "moreZsounds/say33",
      "moreZsounds/say34",
      "moreZsounds/say35",
      "moreZsounds/say36",
      "moreZsounds/say37",
      "moreZsounds/say38",
      "moreZsounds/say39",
      "moreZsounds/say40",
      "moreZsounds/say41",
      "moreZsounds/say42",
      "moreZsounds/say43",
      "moreZsounds/say44",
      "moreZsounds/say45",
      "moreZsounds/say46",
      "moreZsounds/say47",
      "moreZsounds/say48",
      "moreZsounds/say49",
      "moreZsounds/say50",
      "moreZsounds/say51",
      "moreZsounds/say52",
      "moreZsounds/say53",
      "moreZsounds/say54",
      "moreZsounds/say55",
      "moreZsounds/say56",
      "moreZsounds/say57",
      "moreZsounds/say58",
      "moreZsounds/say59",
      "moreZsounds/say60",
      "moreZsounds/say61",
      "moreZsounds/say62",
      "moreZsounds/say63",
      "moreZsounds/say64",
      "moreZsounds/say65",
      "moreZsounds/say66",
      "moreZsounds/say67",
      "moreZsounds/say68",
      "moreZsounds/say69",
      "moreZsounds/say70",
      "moreZsounds/say71",
      "moreZsounds/say72",
      "moreZsounds/say73",
      "moreZsounds/say74",
      "moreZsounds/say75",
      "moreZsounds/say76",
      "moreZsounds/say77",
      "moreZsounds/say78",
      "moreZsounds/say79",
      "moreZsounds/say80",
      "moreZsounds/say81",
      "moreZsounds/say82",
      "moreZsounds/say83",
      "moreZsounds/say84",
      "moreZsounds/say85",
      "moreZsounds/say86",
      "moreZsounds/say87",
      "moreZsounds/say88",
      "moreZsounds/say89",
      "moreZsounds/say90",
      "moreZsounds/say91",
      "moreZsounds/say92",
      "moreZsounds/say93",
      "moreZsounds/say94",
      "moreZsounds/say95",
      "moreZsounds/say96",
      "moreZsounds/say97",
      "moreZsounds/say98",
      "moreZsounds/say99",
      "moreZsounds/say100",
      "moreZsounds/say101",
      "moreZsounds/say102",
      "moreZsounds/say103",
      "moreZsounds/say104",
      "moreZsounds/say105",
      "moreZsounds/say106",
      "moreZsounds/say107",
      "moreZsounds/say108",
      "moreZsounds/say109",
      "moreZsounds/say110",
      "moreZsounds/say111",
      "moreZsounds/say112",
      "moreZsounds/say113",
      "moreZsounds/say114",
      "moreZsounds/say115",
      "moreZsounds/say116",
      "moreZsounds/say117",
      "moreZsounds/say118",
      "moreZsounds/say119",
      "moreZsounds/say120",
      "moreZsounds/say121",
      "moreZsounds/say122",
      "moreZsounds/say123",
      "moreZsounds/say124",
      "moreZsounds/say125",
      "moreZsounds/say129",
      "moreZsounds/say130",
      "moreZsounds/say131",
      "moreZsounds/say132",
      "moreZsounds/say133",
      "moreZsounds/say134",
      "moreZsounds/say135",
      "moreZsounds/say136",
      "moreZsounds/say137",
      "moreZsounds/say138",
      "moreZsounds/say139",
      "moreZsounds/say140",
      "moreZsounds/say141",
      "moreZsounds/say142",
      "moreZsounds/say143",
      "moreZsounds/say144",
      "moreZsounds/say145",
      "moreZsounds/say146",
      "moreZsounds/say147",
      "moreZsounds/say148",
      "moreZsounds/say149",
      "moreZsounds/say150",
      "moreZsounds/say151",
      "moreZsounds/say152",
      "moreZsounds/say153",
      "moreZsounds/say154",
      "moreZsounds/say155",
      "moreZsounds/say156",
      "moreZsounds/say157",
      "moreZsounds/say158",
      "moreZsounds/say159",
      "moreZsounds/say160",
      "moreZsounds/say161",
      "moreZsounds/say162",
      "moreZsounds/say163",
      "moreZsounds/say164",
      "moreZsounds/say165",
      "moreZsounds/say166",
      "moreZsounds/say167",
      "moreZsounds/say168",
      "moreZsounds/say169",
      "moreZsounds/say170",
      "moreZsounds/say171",
      "moreZsounds/say172",
      "moreZsounds/say173",
      "moreZsounds/say174",
      "moreZsounds/say175",
      "moreZsounds/say176",
      "moreZsounds/say177",
      "moreZsounds/say178",
      "moreZsounds/say179",
      "moreZsounds/say180",
      "moreZsounds/say181",
      "moreZsounds/say182",
      "moreZsounds/say183",
      "moreZsounds/say184",
      "moreZsounds/say185",
      "moreZsounds/say186",
      "moreZsounds/say187",
      "moreZsounds/say188",
      "moreZsounds/say189",
      "moreZsounds/say190",
      "moreZsounds/say191",
      "moreZsounds/say192",
      "moreZsounds/say193",
      "moreZsounds/say194",
      "moreZsounds/say195",
      "moreZsounds/say196",
      "moreZsounds/say197",
      "moreZsounds/say198",
      "moreZsounds/say199",
      "moreZsounds/say200",
      "moreZsounds/say201",
      "moreZsounds/say202",
      "moreZsounds/say203",
      "moreZsounds/say204"
    ],
    "subtitle": "subtitles.entity.zombie.ambient"
  },
  "entity.zombie.hurt": {
    "replace": "true",
    "sounds": [
      "mob/zombie/hurt1",
      "mob/zombie/hurt2",
      "moreZsounds/hurt3",
      "moreZsounds/hurt4",
      "moreZsounds/hurt5",
      "moreZsounds/hurt6",
      "moreZsounds/hurt7",
      "moreZsounds/hurt8",
      "moreZsounds/hurt9",
      "moreZsounds/hurt10",
      "moreZsounds/hurt11",
      "moreZsounds/hurt12",
      "moreZsounds/hurt13",
      "moreZsounds/hurt14",
      "moreZsounds/hurt15",
      "moreZsounds/hurt16",
      "moreZsounds/hurt17",
      "moreZsounds/hurt18",
      "moreZsounds/hurt19",
      "moreZsounds/hurt20",
      "moreZsounds/hurt21",
      "moreZsounds/hurt22",
      "moreZsounds/hurt23",
      "moreZsounds/hurt24",
      "moreZsounds/hurt25",
      "moreZsounds/hurt26",
      "moreZsounds/hurt27",
      "moreZsounds/hurt28",
      "moreZsounds/hurt29",
      "moreZsounds/hurt30",
      "moreZsounds/hurt31",
      "moreZsounds/hurt32",
      "moreZsounds/hurt33",
      "moreZsounds/hurt34",
      "moreZsounds/hurt35",
      "moreZsounds/hurt36",
      "moreZsounds/hurt37",
      "moreZsounds/hurt38",
      "moreZsounds/hurt39",
      "moreZsounds/hurt40",
      "moreZsounds/hurt41",
      "moreZsounds/hurt42",
      "moreZsounds/hurt43",
      "moreZsounds/hurt44",
      "moreZsounds/hurt45",
      "moreZsounds/hurt46",
      "moreZsounds/hurt47",
      "moreZsounds/hurt48",
      "moreZsounds/hurt49",
      "moreZsounds/hurt50",
      "moreZsounds/hurt51",
      "moreZsounds/hurt52",
      "moreZsounds/hurt53",
      "moreZsounds/hurt54",
      "moreZsounds/hurt55",
      "moreZsounds/hurt56",
      "moreZsounds/hurt57",
      "moreZsounds/hurt58",
      "moreZsounds/hurt59",
      "moreZsounds/hurt60",
      "moreZsounds/hurt61",
      "moreZsounds/hurt62",
      "moreZsounds/hurt63",
      "moreZsounds/hurt64",
      "moreZsounds/hurt65",
      "moreZsounds/hurt66",
      "moreZsounds/hurt67",
      "moreZsounds/hurt68",
      "moreZsounds/hurt69",
      "moreZsounds/hurt70",
      "moreZsounds/hurt71",
      "moreZsounds/hurt72",
      "moreZsounds/hurt73",
      "moreZsounds/hurt74",
      "moreZsounds/hurt75",
      "moreZsounds/hurt76",
      "moreZsounds/hurt77",
      "moreZsounds/hurt78",
      "moreZsounds/hurt79",
      "moreZsounds/hurt80",
      "moreZsounds/hurt81",
      "moreZsounds/hurt82",
      "moreZsounds/hurt83",
      "moreZsounds/hurt84",
      "moreZsounds/hurt85",
      "moreZsounds/hurt86",
      "moreZsounds/hurt87",
      "moreZsounds/hurt88",
      "moreZsounds/hurt89",
      "moreZsounds/hurt90",
      "moreZsounds/hurt91",
      "moreZsounds/hurt92",
      "moreZsounds/hurt93",
      "moreZsounds/hurt94",
      "moreZsounds/hurt95",
      "moreZsounds/hurt96",
      "moreZsounds/hurt97",
      "moreZsounds/hurt98"
    ],
    "subtitles": "subtitles.entity.zombie.hurt"
  },
  "entity.zombie.death": {
    "replace": "true",
    "sounds": [
      "mob/zombie/death",
      "moreZsounds/death2",
      "moreZsounds/death3",
      "moreZsounds/death4",
      "moreZsounds/death5",
      "moreZsounds/death6",
      "moreZsounds/death7",
      "moreZsounds/death8",
      "moreZsounds/death9",
      "moreZsounds/death10"
    ],
    "subtitles": "subtitles.entity.zombie.death"
  },
  "fx.ricochet": {
    "category": "master",
    "sounds": [
      "fx/bowhit1",
      "fx/bowhit2",
      "fx/bowhit3",
      "fx/bowhit4"
    ]
  },
  "fx.whiz": {
    "category": "master",
    "sounds": [
      {
        "name": "fx/whiz1",
        "weight": 4
      },
      {
        "name": "fx/whiz2",
        "weight": 1
      },
      {
        "name": "fx/whiz3",
        "weight": 2
      }
    ]
  },
  "fx.stim": {
    "category": "master",
    "sounds": [
      "misc/stim"
    ]
  },
  "explosion.frag": {
    "category": "master",
    "sounds": [
      "explosion/frag"
    ]
  },
  "explosion.molotov": {
    "category": "master",
    "sounds": [
      "explosion/molotov"
    ]
  },
  "reload.start.light": {
    "category": "master",
    "sounds": [
      "reload/eject_mag_light"
    ]
  },
  "reload.end.light": {
    "category": "master",
    "sounds": [
      "reload/insert_mag_light"
    ]
  },
  "reload.start.normal": {
    "category": "master",
    "sounds": [
      "reload/eject_mag_normal"
    ]
  },
  "reload.end.normal": {
    "category": "master",
    "sounds": [
      "reload/insert_mag_normal"
    ]
  },
  "reload.start.heavy": {
    "category": "master",
    "sounds": [
      "reload/eject_mag_minigun"
    ]
  },
  "reload.end.heavy": {
    "category": "master",
    "sounds": [
      "reload/insert_mag_minigun"
    ]
  },
  "reload.start.shotgun": {
    "category": "master",
    "sounds": [
      "reload/insert_shotgun_shells"
    ]
  },
  "shoot.50gs.quiet": {
    "category": "master",
    "sounds": [
      "shoot/quiet/50gs"
    ]
  },
  "shoot.357magnum.quiet": {
    "category": "master",
    "sounds": [
      "shoot/quiet/357magnum"
    ]
  },
  "shoot.ak47.quiet": {
    "category": "master",
    "sounds": [
      "shoot/quiet/ak47"
    ]
  },
  "shoot.aug.quiet": {
    "category": "master",
    "sounds": [
      "shoot/quiet/aug"
    ]
  },
  "shoot.ax50.quiet": {
    "category": "master",
    "sounds": [
      "shoot/quiet/ax50"
    ]
  },
  "shoot.fnfal.quiet": {
    "category": "master",
    "sounds": [
      "shoot/quiet/fnfal"
    ]
  },
  "shoot.fr556.quiet": {
    "category": "master",
    "sounds": [
      "shoot/quiet/fr556"
    ]
  },
  "shoot.kar98k.quiet": {
    "category": "master",
    "sounds": [
      "shoot/quiet/kar98k"
    ]
  },
  "shoot.m4a1.quiet": {
    "category": "master",
    "sounds": [
      "shoot/quiet/m4a1"
    ]
  },
  "shoot.mg34.quiet": {
    "category": "master",
    "sounds": [
      "shoot/quiet/mg34"
    ]
  },
  "shoot.origin12.quiet": {
    "category": "master",
    "sounds": [
      "shoot/quiet/origin12"
    ]
  },
  "shoot.r90.quiet": {
    "category": "master",
    "sounds": [
      "shoot/quiet/r90shotgun"
    ]
  },
  "shoot.rpg7.quiet": {
    "category": "master",
    "sounds": [
      "shoot/quiet/rpg7"
    ]
  },
  "shoot.uzi.quiet": {
    "category": "master",
    "sounds": [
      "shoot/quiet/uzi"
    ]
  },
  "shoot.stg44.quiet": {
    "category": "master",
    "sounds": [
      "shoot/quiet/stg44"
    ]
  },
  "shoot.fatman.quiet": {
    "category": "master",
    "sounds": [
      "shoot/quiet/fatman"
    ]
  },
  "shoot.50gs.ambient": {
    "category": "master",
    "sounds": [
      "shoot/ambient/50gs"
    ]
  },
  "shoot.357magnum.ambient": {
    "category": "master",
    "sounds": [
      "shoot/ambient/357magnum"
    ]
  },
  "shoot.ak47.ambient": {
    "category": "master",
    "sounds": [
      "shoot/ambient/ak47"
    ]
  },
  "shoot.aug.ambient": {
    "category": "master",
    "sounds": [
      "shoot/ambient/aug"
    ]
  },
  "shoot.ax50.ambient": {
    "category": "master",
    "sounds": [
      "shoot/ambient/ax50"
    ]
  },
  "shoot.fnfal.ambient": {
    "category": "master",
    "sounds": [
      "shoot/ambient/fnfal"
    ]
  },
  "shoot.fr556.ambient": {
    "category": "master",
    "sounds": [
      "shoot/ambient/fr556"
    ]
  },
  "shoot.kar98k.ambient": {
    "category": "master",
    "sounds": [
      "shoot/ambient/kar98k"
    ]
  },
  "shoot.m4a1.ambient": {
    "category": "master",
    "sounds": [
      "shoot/ambient/m4a1"
    ]
  },
  "shoot.mg34.ambient": {
    "category": "master",
    "sounds": [
      "shoot/ambient/mg34"
    ]
  },
  "shoot.origin12.ambient": {
    "category": "master",
    "sounds": [
      "shoot/ambient/origin12"
    ]
  },
  "shoot.r90.ambient": {
    "category": "master",
    "sounds": [
      "shoot/ambient/r90shotgun"
    ]
  },
  "shoot.rpg7.ambient": {
    "category": "master",
    "sounds": [
      "shoot/ambient/rpg7"
    ]
  },
  "shoot.uzi.ambient": {
    "category": "master",
    "sounds": [
      "shoot/ambient/uzi"
    ]
  },
  "shoot.stg44.ambient": {
    "category": "master",
    "sounds": [
      "shoot/ambient/stg44"
    ]
  },
  "shoot.fatman.ambient": {
    "category": "master",
    "sounds": [
      "shoot/ambient/fatman"
    ]
  },
  "shoot.50gs.loud": {
    "category": "master",
    "sounds": [
      "shoot/loud/50gs"
    ]
  },
  "shoot.357magnum.loud": {
    "category": "master",
    "sounds": [
      "shoot/loud/357magnum"
    ]
  },
  "shoot.ak47.loud": {
    "category": "master",
    "sounds": [
      "shoot/loud/ak47"
    ]
  },
  "shoot.aug.loud": {
    "category": "master",
    "sounds": [
      "shoot/loud/aug"
    ]
  },
  "shoot.ax50.loud": {
    "category": "master",
    "sounds": [
      "shoot/loud/ax50"
    ]
  },
  "shoot.fnfal.loud": {
    "category": "master",
    "sounds": [
      "shoot/loud/fnfal"
    ]
  },
  "shoot.fr556.loud": {
    "category": "master",
    "sounds": [
      "shoot/loud/fr556"
    ]
  },
  "shoot.kar98k.loud": {
    "category": "master",
    "sounds": [
      "shoot/loud/kar98k"
    ]
  },
  "shoot.m4a1.loud": {
    "category": "master",
    "sounds": [
      "shoot/loud/m4a1"
    ]
  },
  "shoot.mg34.loud": {
    "category": "master",
    "sounds": [
      "shoot/loud/mg34"
    ]
  },
  "shoot.origin12.loud": {
    "category": "master",
    "sounds": [
      "shoot/loud/origin12"
    ]
  },
  "shoot.r90.loud": {
    "category": "master",
    "sounds": [
      "shoot/loud/r90shotgun"
    ]
  },
  "shoot.rpg7.loud": {
    "category": "master",
    "sounds": [
      "shoot/loud/rpg7"
    ]
  },
  "shoot.uzi.loud": {
    "category": "master",
    "sounds": [
      "shoot/loud/uzi"
    ]
  },
  "shoot.stg44.loud": {
    "category": "master",
    "sounds": [
      "shoot/loud/stg44"
    ]
  },
  "shoot.fatman.loud": {
    "category": "master",
    "sounds": [
      "shoot/loud/fatman"
    ]
  }
}